#,Titel,Artiest,Jaar
1,"You're The First, The Last, My Everything",Barry White,1974
2,True Colors,Cyndi Lauper,1986
3,Paradise By the Dashboard Light,Meat Loaf,1977
4,Kom van dat dak af,Peter Koelewijn en Zijn Rockets,1960
5,Sexy Als Ik Dans,Nielson,2013
6,Hangover,"Taio Cruz, Flo Rida",2011
7,One More Time,Daft Punk,2000
8,Volare (Nel Blu di Pinto di Blu),Gipsy Kings,1989
9,Lambada,Kaoma,1989
10,No Woman No Cry,Bob Marley & The Wailers,1975
11,Piece of My Heart,Erma Franklin,1967
12,Sweet Child O' Mine,Guns N' Roses,1987
13,Sweet Dreams (Are Made of This),"Eurythmics, Annie Lennox, Dave Stewart",1983
14,1 Nacht Alleen,Doe Maar,1982
15,Nothing Compares 2 U,Sinéad O'Connor,1990
16,Crazy In Love (feat. JAY-Z),"Beyoncé, JAŸ-Z",2003
17,Super Freak,Rick James,1981
18,Mag Het Licht Uit,De Dijk,1986
19,Cheap Thrills,Sia,2016
20,Smoke Gets In Your Eyes,The Platters,1958
21,7 Years,Lukas Graham,2015
22,Royals,Lorde,2013
23,Marieke,Jacques Brel,1961
24,Wicked World,Laura Jansen,2010
25,No Limit,2 Unlimited,1993
26,Zombie,The Cranberries,1994
27,Scars To Your Beautiful,Alessia Cara,2016
28,Escape (The Pina Colada Song),Rupert Holmes,1979
29,Orinoco Flow,Enya,1988
30,Waterloo,ABBA,1974
31,World Hold on (Children of the Sky),"Bob Sinclar, Steve Edwards",2006
32,I Got You (I Feel Good),James Brown & The Famous Flames,1965
33,Oerend Hard,Normaal,1977
34,Piano Man,Billy Joel,1973
35,Get Back,The Beatles,1969
36,Ca plane pour moi,Plastic Bertrand,1977
37,Dancing On The Ceiling,Lionel Richie,1986
38,Born to Be Alive,Patrick Hernandez,1979
39,Als Je Wint,"Herman Brood, Henny Vrienten",1984
40,Don't Call Me Up,Mabel,2019
41,Smells Like Teen Spirit,Nirvana,1991
42,Manic Monday,The Bangles,1986
43,Knock On Wood,Amii Stewart,1979
44,Barbie Girl,Aqua,1997
45,These Boots Are Made For Walkin',Nancy Sinatra,1966
46,Dilemma (feat. Kelly Rowland),"Nelly, Kelly Rowland",2002
47,In the Summertime,Mungo Jerry,1970
48,Più bella cosa,Eros Ramazzotti,1996
49,Anne,Herman van Veen,1975
50,In Da Club,50 Cent,2003
51,Guajira Guantanamera,Joseito Fernández,1929
52,Shallow,"Lady Gaga, Bradley Cooper",2018
53,Valerie (feat. Amy Winehouse),"Mark Ronson, Amy Winehouse, Baby J",2007
54,Have You Ever Seen The Rain,Creedence Clearwater Revival,1971
55,You Can't Hurry Love,The Supremes,1966
56,How You Remind Me,Nickelback,2001
57,All That She Wants,Ace of Base,1992
58,Price Tag,"Jessie J, B.o.B",2011
59,Self Esteem,The Offspring,1994
60,Euphoria,Loreen,2012
61,Atlantis,Donovan,1968
62,"I Can't Help Myself (Sugar Pie, Honey Bunch)",Four Tops,1965
63,More Than a Feeling,Boston,1976
64,"December, 1963 (Oh What a Night!)",The Four Seasons,1975
65,I Love It (feat. Charli XCX),"Icona Pop, Charli xcx",2012
66,This Is The Life,Amy Macdonald,2007
67,Tubthumping,Chumbawamba,1997
68,Buffalo Stance,Neneh Cherry,1988
69,15 Miljoen Mensen,Fluitsma & van Tijn,1996
70,Easy,Commodores,1977
71,So Incredible,Ilse DeLange,2005
72,Poker Face,Lady Gaga,2008
73,Disco Inferno,The Trammps,1976
74,La Bamba,Ritchie Valens,1958
75,Don't You Want Me,The Human League,1981
76,"Rigoletto: ""La Donna E' Mobile""",Enrico Caruso,1908
77,Thunder,Imagine Dragons,2017
78,Right Here Waiting,Richard Marx,1989
79,When I Need You,Leo Sayer,1977
80,Blue Bayou,Linda Ronstadt,1977
81,"Sugar, Sugar",The Archies,1969
82,Murder On The Dancefloor,Sophie Ellis-Bextor,2001
83,In the Mood,Glenn Miller,1939
84,Ain't Nobody,"Rufus, Chaka Khan",1983
85,Lean On,"Major Lazer, DJ Snake, MØ",2015
86,Hey Ya!,Outkast,2003
87,The Rhythm of the Night,Corona,1993
88,Just Give Me a Reason (feat. Nate Ruess),"P!nk, Nate Ruess",2012
89,Alive,Pearl Jam,1991
90,(We're Gonna) Rock Around The Clock,Bill Haley & His Comets,1954
91,Even Aan Mijn Moeder Vragen,Bloem,1987
92,Alles Kan Een Mens Gelukkig Maken,Rene Froger,1990
93,Annabel,Hans De Booij,1982
94,Window Of My Eyes,Cuby & The Blizzards,1969
95,Gimme Hope Jo'Anna,Eddy Grant,1988
96,Porcelain,Moby,1999
97,Papa,Stef Bos,1990
98,Happy,Pharrell Williams,2013
99,Rainbow In The Sky,Paul Elstak,1995
100,Green Green Grass Of Home,Tom Jones,1966
101,Gold Digger,"Kanye West, Jamie Foxx",2005
102,Maneater,Daryl Hall & John Oates,1982
103,It Wasn't Me,"Shaggy, Rik Rok",2000
104,Fast Car,Tracy Chapman,1988
105,"See You Later, Alligator",Bill Haley & His Comets,1956
106,Don't Leave Me This Way,Thelma Houston,1976
107,Love Is All Around,Wet Wet Wet,1994
108,Sweet Home Alabama,Lynyrd Skynyrd,1974
109,Never Ending Story,Limahl,1984
110,Day-O (The Banana Boat Song),Harry Belafonte,1956
111,Surfin' U.S.A.,The Beach Boys,1963
112,Break My Heart,Dua Lipa,2020
113,Blurred Lines,"Robin Thicke, T.I., Pharrell Williams",2013
114,Jailhouse Rock,Elvis Presley,1957
115,bad guy,Billie Eilish,2019
116,Een Beetje,Teddy Scholten,1959
117,The Ketchup Song (Aserejé),Las Ketchup,2002
118,No One,Alicia Keys,2007
119,Ben Ik Te Min,Armand,1960
120,It's In The Kiss (The Shoop Shoop Song),Betty Everett,1964
121,Wrecking Ball,Miley Cyrus,2013
122,Put Your Records On,Corinne Bailey Rae,2006
123,Congratulations,Cliff Richard,1968
124,Whatcha Say,Jason Derulo,2009
125,The Twist,Chubby Checker,1960
126,Self Control,Laura Branigan,1984
127,Wat Zou Je Doen?,BLØF,2006
128,Born To Be Wild,Steppenwolf,1968
129,Bitter Sweet Symphony,The Verve,1997
130,Don't Dream It's Over,Crowded House,1986
131,Don't Stop Believin',Journey,1981
132,"Bloed, Zweet En Tranen",Andre Hazes,1981
133,Doekoe,Def Rhymz,1998
134,Never Gonna Give You Up,Rick Astley,1987
135,Nah Neh Nah,Vaya Con Dios,1990
136,Waterfalls,TLC,1995
137,Celebration,Kool & The Gang,1980
138,Smoorverliefd,Snelle,2020
139,(I've Had) The Time of My Life,"Bill Medley, Jennifer Warnes",1987
140,Africa,TOTO,1982
141,Torn,Natalie Imbruglia,1997
142,My Heart Will Go On,Céline Dion,1997
143,Return of the Mack,Mark Morrison,1996
144,Kijk Eens In De Poppetjes Van Mijn Ogen,"Karel Van De Velden, Annie De Reuver, The Skymasters",1956
145,Save Tonight,Eagle-Eye Cherry,1997
146,The Locomotion,Little Eva,1962
147,Johnny B. Goode,Chuck Berry,1958
148,Toosie Slide,Drake,2020
149,Anyone,Justin Bieber,2021
150,Somebody That I Used to Know,"Gotye, Kimbra",2011
151,Counting Stars,OneRepublic,2013
152,Praise You,Fatboy Slim,1998
153,If You Had My Love,Jennifer Lopez,1999
154,I Can Help,Billy Swan,1974
155,Het Dorp,Wim Sonneveld,1959
156,Someone You Loved,Lewis Capaldi,2018
157,I Wanna be a Hippy,Technohead,1995
158,I Knew You Were Waiting (For Me),"George Michael, Aretha Franklin",1987
159,"Signed, Sealed, Delivered (I'm Yours)",Stevie Wonder,1970
160,I Heard It Through The Grapevine,Marvin Gaye,1968
161,Life On Mars',David Bowie,1971
162,If You Leave Me Now,Chicago,1976
163,Dancing In the Dark,Bruce Springsteen,1984
164,Start Me Up,The Rolling Stones,1981
165,Walk Of Life,Dire Straits,1985
166,Wooly Bully,Sam The Sham & The Pharaohs,1965
167,Do You Know? (The Ping Pong Song),Enrique Iglesias,2007
168,I Wanna Dance with Somebody (Who Loves Me),Whitney Houston,1987
169,What Is Love,Haddaway,1993
170,Waka Waka (This Time for Africa) (feat. Freshlyground),"Shakira, Freshlyground",2010
171,"Relax, Take It Easy",MIKA,2007
172,Everywhere,Fleetwood Mac,1987
173,I Love Rock N Roll,The Arrows,1975
174,4 Minutes (feat. Justin Timberlake & Timbaland),"Madonna, Justin Timberlake, Timbaland",2008
175,Crazy Horses,The Osmonds,1972
176,Lola,The Kinks,1970
177,Als Het Avond Is,Suzan & Freek,2019
178,Ademnood,Linda Roos & Jessica,2001
179,Yeah! (feat. Lil Jon & Ludacris),"USHER, Lil Jon, Ludacris",2004
180,Slow Down,Douwe Bob,2016
181,The Lazy Song,Bruno Mars,2011
182,Gangsta's Paradise,"Coolio, L.V.",1995
183,Because of You,Kelly Clarkson,2004
184,Moves Like Jagger,"Maroon 5, Christina Aguilera",2011
185,China In Your Hand,T'Pau,1987
186,The Look,Roxette,1989
187,Feel,Robbie Williams,2002
188,Stop,Spice Girls,1997
189,"Girl, You'll Be A Woman Soon",Neil Diamond,1967
190,Ring of Fire,Johnny Cash,1963
191,No Son Of Mine,Genesis,1991
192,Belfast Child,Simple Minds,1989
193,Set Fire to the Rain,Adele,2011
194,Take Your Time Girl,Niels Geusebroek,2006
195,Fallin',Alicia Keys,2001
196,Barbra Streisand,Duck Sauce,2010
197,Michel,Anouk,1996
198,All of Me,John Legend,2013
199,Under Pressure,"Queen, David Bowie",1981
200,Lollipop,The Chordettes,1958
201,Mr. Vain,Culture Beat,1993
202,Don't Go,Yazoo,1982
203,Leef,André Hazes Jr.,2021
204,You Can Call Me Al,Paul Simon,1986
205,Smalltown Boy,Bronski Beat,1984
206,All About That Bass,Meghan Trainor,2014
207,The Wanderer,Dion,1961
208,Stil In Mij,Van Dik Hout,1994
209,Wonderwall,Oasis,1995
210,Twee Motten,Dorus,1958
211,Informer,Snow,1992
212,Ice Ice Baby,Vanilla Ice,1990
213,In Nije Dei,De Kast,2002
214,Dragostea Din Tei,O-Zone,2003
215,Have A Nice Day,Stereophonics,2001
216,Holding Back the Years,Simply Red,1985
217,Shout,Tears For Fears,1984
218,Cotton Eye Joe,Rednex,1994
219,I Like To Move It (feat. The Mad Stuntman),"Reel 2 Real, The Mad Stuntman, Erick Morillo",1993
220,Jolene,Dolly Parton,1973
221,Heaven,Bryan Adams,1985
222,Als De Morgen Is Gekomen,Jan Smit,2005
223,Surf City,Jan & Dean,1963
224,Under the Bridge,Red Hot Chili Peppers,1992
225,Fly Away,Lenny Kravitz,1998
226,Purple Rain,Prince,1984
227,Ritme Van De Regen,"Rob De Nijs, The Lords",1965
228,I'm a Believer,The Monkees,1966
229,Ik Neem Je Mee,Gers Pardoel,2012
230,Can't Help Falling in Love,Elvis Presley,1961
231,Everybody Hurts,R.E.M.,1993
232,De Peel In Brand,Rowwen Hèze,1992
233,Weekend,Earth & Fire,1979
234,Gettin' Jiggy Wit It,Will Smith,1997
235,Le Freak,CHIC,1978
236,A Night Like This,Caro Emerald,2010
237,You Make Me Feel (Mighty Real),Sylvester,1978
238,You Can Get It If You Really Want,Jimmy Cliff,1970
239,Captain Jack,Captain Jack,1994
240,La Mamma (Zij Kwamen Overal Vandaan),Corry Brokken,1963
241,The Best,Tina Turner,1989
242,Daughters,John Mayer,2003
243,Why Tell Me Why,Anita Meyer,1986
244,It's My Life,Bon Jovi,2000
245,Daar Bij De Waterkant,Black & White,1965
246,Brabant,Guus Meeuwis,2005
247,Dance Monkey,Tones And I,2019
248,(What A) Wonderful World,Sam Cooke,1960
249,Don't Speak,No Doubt,1995
250,The Whole of the Moon,The Waterboys,1985
251,Genie In a Bottle,Christina Aguilera,1999
252,Every Breath You Take,The Police,1983
253,drivers license,Olivia Rodrigo,2021
254,Señorita,"Shawn Mendes, Camila Cabello",2019
255,Ik Ben Gelukkig Zonder Jou,Conny Vandenbos,1964
256,Sing Hallelujah!,Dr. Alban,1993
257,Without You (feat. Sandro Cavazza),"Avicii, Sandro Cavazza",2017
258,Upside Down,Diana Ross,1980
259,Call on Me - Radio Mix,Eric Prydz,2004
260,All I Have to Do Is Dream,The Everly Brothers,1958
261,Ain't That A Shame,Fats Domino,1955
262,Why,Annie Lennox,1992
263,God Is a DJ,Faithless,1998
264,Oops!...I Did It Again,Britney Spears,2000
265,Give It Up,KC & The Sunshine Band,1983
266,Where Is The Love?,Black Eyed Peas,2003
267,Lady - Hear Me Tonight,Modjo,2000
268,Adore You,Harry Styles,2019
269,"Oh, Pretty Woman",Roy Orbison,1964
270,I Got You Babe,Sonny & Cher,1965
271,Lonely,Akon,2004
272,We Are Family,Sister Sledge,1979
273,Your Song,Elton John,1970
274,Respect,Aretha Franklin,1967
275,Let's Stick Together,Bryan Ferry,1976
276,You're So Vain,Carly Simon,1972
277,Like a Prayer,MadHouse,1989
278,That's Amore,Dean Martin,1953
279,Non non rien n'a changé,Les Poppys,1971
280,1948 (Toen Was Geluk Heel Gewoon),Gerard Cox,1969
281,Hair,Zen,1969
282,Bad Habits,Ed Sheeran,2021
283,Stressed Out,Twenty One Pilots,2015
284,Sweet Caroline,Neil Diamond,1969
285,"Hey, Soul Sister",Train,2009
286,The Hustle,Van McCoy,1975
287,Rehab,Amy Winehouse,2006
288,Daar Gaat Ze,Clouseau,1993
289,Daddy Cool,Boney M.,1976
290,Blinding Lights,The Weeknd,2019
291,La Cintura,Alvaro Soler,2018
292,Duurt Te Lang,"Davina Michelle, Beste Zangers",2020
293,Mercy,Duffy,2008
294,Firework,Katy Perry,2010
295,Brandend Zand,Anneke Gronloh,1963
296,Numb / Encore,"JAŸ-Z, Linkin Park",2004
297,With A Little Help From My Friends,Joe Cocker,1968
298,Una Paloma Blanca,"George Baker, George Baker Selection",1975
299,Mijn Houten Hart,De Poema's,1991
300,Laat Me,Ramses Shaffy,1974
301,Feel It Still,Portugal. The Man,2017
302,Een Meisje Van Zestien,Boudewijn de Groot,1967
303,Tequila,The Champs,1958
304,Radar Love,Golden Earring,1973
305,Sure He's A Cat,The Cats,1969
306,Let It Be,The Beatles,1970
307,When a Man Loves a Woman,Percy Sledge,1966
308,Fireflies,Owl City,2009
